AGH University:agh university of science and technology
ATR:advanced telecommunications research institute international
Aix-Marseille Universite:aix-marseille university
Albert-Ludwigs-University Freiburg:university of freiburg
AlbertEinstein College of Medicine:albert einstein college of medicine
Allen Institute:allen institute for brain science
AllenInstitute for Brain Science:allen institute for brain science
BCCN & CIN:bernstein center for computational neuroscience tübingen
BCCN Berlin:bernstein center for computational neuroscience berlin
BCCN Goettingen:bernstein center for computational neuroscience göttingen
BCCN Göttingen:bernstein center for computational neuroscience göttingen
BCCN Heidelberg-Mannheim:bernstein center for computational neuroscience heidelberg-mannheim
BCCN Tübingen:bernstein center for computational neuroscience tübingen
BCCN, Goettingen:bernstein center for computational neuroscience göttingen
BCM Houston:baylor college of medicine
BMI:école polytechnique fédérale de lausanne
Bar Ilan University:bar-ilan university
BaylorCollege of Medicine:baylor college of medicine
Ben Gurion:ben-gurion university of the negev
Ben Gurion University:ben-gurion university of the negev
Ben Gurion University of the Negev:ben-gurion university of the negev
Bern:university of bern
Bernstein Center Freiburg:bernstein center for computational neuroscience freiburg
Bernstein Center Tubingen:bernstein center for computational neuroscience tübingen
Bernstein Center Tübingen:bernstein center for computational neuroscience tübingen
Bernstein Center for Comp. Neuroscience:bernstein center for computational neuroscience göttingen
Bernstein Center for Computational Neuroscien:bernstein center for computational neuroscience göttingen
Bernstein Center for Computational Neuroscience:bernstein center for computational neuroscience göttingen
Bernstein Center for Computational Neuroscience, Berlin:bernstein center for computational neuroscience berlin
Bernstein Center for Computational Neuroscience, Heidelberg-Mannheim:bernstein center for computational neuroscience heidelberg-mannheim
Bernstein Center for Computational Neuroscience, Tuebingen:bernstein center for computational neuroscience tübingen
BernsteinCenter for Computational Neuroscience:bernstein center for computational neuroscience göttingen
BernsteinCenter for Computational Neuroscience Göttingen:bernstein center for computational neuroscience göttingen
BernsteinCenter for Computational Neuroscience Munich:bernstein center for computational neuroscience munich
BernsteinCenter for Computational Neuroscience, Goettingen:bernstein center for computational neuroscience göttingen
BernsteinCenter for Computational Neuroscience, Munich:bernstein center for computational neuroscience munich
Beth Israel Medical Center:beth israel deaconess medical center
BiologyDept. and Neurosciences Institute:the university of texas at san antonio
Boston Children’s Hospital:boston children's hospital
Boston University, Department of Math & Stats:boston university
BostonUniversity:boston university
Brain and Mind Institute, University of Western Ontario:university of western ontario
BrainCorporation:brain corporation
BrainMind Institute:école polytechnique fédérale de lausanne
BrandeisUniversity:brandeis university
Brigham and Women’s Hospital:brigham and women's hospital
Brown Institute for Brain Science:brown institute
CCNR, Sussex University:university of sussex
CIMH Mannheim:central institute of mental health
CIN:max planck institute for biological cybernetics
CN-CR:university of birmingham
CNCB:university of oxford
CNRS:centre national de la recherche scientifique
CNRS UMR8119, Descartes University:centre national de la recherche scientifique
CNRS/Aix-Marseille Université:aix-marseille university
CSBN, Concordia University:concordia university
CSNL, Wigner RCP:university of california los angeles
CUNY Graduate Center:city university of new york
California Northstate University:california northstate university
CaliforniaInstitute of Technology:california institute of technology
Carl von Ossietzky University:carl von ossietzky university of oldenburg
Catholic University of Louvain:catholic university of leuven
Center for Brain and Cognition:university of california, san diego
Center for Cognitive Sciences:university of bremen
Center for Genomic Regulation:centre for genomic regulation
Center for Memory and Brain:boston university
Centre Hospitalier Universitaire Vaudois:university hospital of lausanne
Centre for Integrative Neuroscience:university of tübingen
Centre for Integrative Neuroscience Tuebingen:university of tübingen
Centre for Neuroscience Studies:queens university
Centre for Neurosciences Studies:queens university
Centrefor Integrative Neuroscience:university of tübingen
Centrum Wiskunde & Informatica, Amsterdam:centrum wiskunde and informatica
Champalimaud Centre for the Unknown:champalimaud foundation
Champalimaud Center for the Unknown:champalimaud foundation
Champalimaud Centre for the Unknown, Lisbon:champalimaud foundation
Champalimaud Neuroscience Institute:champalimaud foundation
Champalimaud Neuroscience Program:champalimaud foundation
Champalimaud Neuroscience Programme:champalimaud foundation
Champalimaud Research:champalimaud foundation
Charite:charité – university medicine berlin
Charite-Universitatsmedizin Berlin:charité – university medicine berlin
Childrens Hospital Boston:boston children's hospital
ChildrensHospital Boston:boston children's hospital
Children’s Hospital Boston:boston children's hospital
CityUniversity of New York:city university of new york
CognitiveMechanisms Laboratories, ATR:advanced telecommunications research institute international
ColdSpring Harbor Laboratory:cold spring harbor laboratory
Columbia Neurological Institute:newyork–presbyterian hospital
ColumbiaUniversity:columbia university
CompNet:boston university
Computational Systems Neuroscience Lab:institute for particle and nuclear physics
Coppenhagen University:university of copenhagen
DARPA:defense advanced research projects agency
Danish Research Centre for Magnetic Resonance:hvidovre hospital
Dartmouth Medical Center, Neurology:dartmouth-hitchcock keene
Deep Minds:google deepmind
DeepMind:google deepmind
Departamento Fisica Teorica UAM:universidad autonoma metropolitana
Department of Neurology and Functional N:tel aviv sourasky medical center
Department of Neurology, Goethe-University, Frankfurt, Germany:johann wolfgang goethe-universität frankfurt am main
Department of Physics and Astronomy:rutgers university
Donders Institute:radboud university nijmegen
DukeUniversity:duke university
ELSC:hebrew university of jerusalem
EMBL-CRG Systems Biology Unit:european molecular biology laboratory
EPFL:école polytechnique fédérale de lausanne
EPFL, BMI:école polytechnique fédérale de lausanne
ESI, Max Planck, Frankfurt:max planck institute for brain research
ESPCI, Paris:espci paristech
ETH Zürich:swiss federal institute of technology in zurich
ETH/UZH Zurich:swiss federal institute of technology in zurich
Ecole Normale Superieur:école normale supérieure
Ecole Normale Superieure:école normale supérieure
Ecole Polytechnique Federale de Lausanne:école polytechnique fédérale de lausanne
EcoleNormale Superieure:école normale supérieure
EcolePolytechnique Federale de Lausanne:école polytechnique fédérale de lausanne
El Colegio Nacional:national college
Electrical Engineering, Technion:technion – israel institute of technology
Ernst Strungmann Institute:ernst strüngmann institute for neuroscience
Ernst Strungmann Institute for Neuroscience:ernst strüngmann institute for neuroscience
ErnstStrungmann Institute for Neuroscience:ernst strüngmann institute for neuroscience
Eyenuk Inc.:eyenuk (united states)
Eyenuk, LLC.:eyenuk (united states)
FIAS:frankfurt institute for advanced studies
FU and BCCN Berlin:bernstein center for computational neuroscience berlin
Flatiron Institute:simons foundation
Flatironinstitute:simons foundation
Frankfurt Institute of Advanced Studies:frankfurt institute for advanced studies
FrankfurtInstitute for Advanced Studies:frankfurt institute for advanced studies
Gardner Research Unit:riken
Gatsby Computational Neuroscience Unit:university college london
Gatsby Computational Neuroscience Unit, UCL:university college london
GatsbyComputational Neuroscience Unit, UCL:university college london
Georg August University:university of göttingen
German Primate Ctr. Göttingen, Germany:german primate center
Gladstone Institute for Neurological Disease:gladstone institutes
Goethe-University Frankfurt:johann wolfgang goethe-universität frankfurt am main
Goethe-University of Frankfurt:johann wolfgang goethe-universität frankfurt am main
Gonda Brain Research Center:bar-ilan university
Google:google (united states)
Google Brain:google (united states)
Google DeepMind:google deepmind
Google X:google (united states)
GoogleDeep Mind:google deepmind
GoogleDeepMind:google deepmind
Graduate School of Frontier Sciences, The Uni:university of tokyo
Gross Translational Neuroengineering Labs:emory university school of medicine
Group for Neural Theory, ENS, Paris:laboratoire de neurosciences cognitives
Group of Neural Theory, ENS:laboratoire de neurosciences cognitives
HHMI:howard hughes medical institute
HHMI, Janelia Farm Research Campus:howard hughes medical institute
Harvard Medical School; MGH:harvard medical school
HarvardMedical School:harvard medical school
HarvardUniversity:harvard university
Hebrew University:hebrew university of jerusalem
Helsinki University:university of helsinki
HowardHughes Medical Institute:howard hughes medical institute
Humboldt University Berlin:humboldt university of berlin
Humboldt Universität zu Berlin:humboldt university of berlin
Humboldt-Universitaet zu Berlin:humboldt university of berlin
Humboldt-Universitat zu Berlin:humboldt university of berlin
Humboldt-Universität zu Berlin:humboldt university of berlin
IBM TJ Watson Research Center:ibm research – thomas j. watson research center
IDIBAPS, Barcelona, Spain:university of barcelona
IFC, UNAM:national autonomous university of mexico
IMBB-FORTH:foundation for research and technology hellas
IMN UMR CNRS 5293:french national centre for scientific research
INI, University of Zurich and ETH Zurich:university of zurich
INM-6 / IAS-6, Research Center Juelich:forschungszentrum jülich
INMED:institut de neurobiologie de la méditerranée
INRIA Grenoble:french institute for research in computer science and automation
INRIA Nancy:french institute for research in computer science and automation
INRIA Sophia Antipolis:french institute for research in computer science and automation
INRIA, Sophia Antipolis:french institute for research in computer science and automation
INSERM, ENS, UPMC Paris:pierre and marie curie university
INSERM, ENS, UPMC, Paris:pierre and marie curie university
INT - CNRS UMR7289:french national centre for scientific research
INT. CNRS/Aix-Marseille Université:french national centre for scientific research
ISTAustria:ist austria
Idibaps:university of barcelona
Indiana University:indiana university – purdue university indianapolis
Inria Sophia Antipolis Méditerranée:french institute for research in computer science and automation
Inst. Für Neuroinformatik UZH:university of zurich
Institute for Adaptive and Neural Computation:university of edinburgh
Institute for Brain Science:brown institute
Institute for Neuroinformatics:university of zurich
Institute for Theoretical Neurobiology:university of bremen
Institute for Theoretical Physics:university of bremen
Institute of Neuroinformatics UZH / ETHZ:university of zurich
Institute of Neuroinformatics, Zurich:university of zurich
Institute of Neuroscience, Shanghai:shanghai institutes for biological sciences
Institute of Science and Technology, Austria:ist austria
Institutefor Research in Fundamental Sciences:institute for research in fundamental sciences
Instituteof Neuroscience:shanghai institutes for biological sciences
Instituteof Science and Technology Austria:ist austria
Instituto de Neurobiologia, UNAM:national autonomous university of mexico
InstitutoSuperior Tecnico:university of lisbon
IranUniversity of Science and Technology:iran university of science and technology
Istituto Italiano di Tecnologia:italian institute of technology
Istituto Italiano di Tecnologia, Genoa:italian institute of technology
Italian Institute of Health:istituto superiore di sanità
JHH:johns hopkins hospital
JSPS research fellow:tohoku university
Jacobs University Bremen:jacobs university
Janelia Farm Research Campus:howard hughes medical institute
Janelia Farm Research Campus, HHMI:howard hughes medical institute
Janelia Farm Visitor Program:howard hughes medical institute
Janelia Research Campus:howard hughes medical institute
Janelia Research Campus:howard hughes medical institute
JaneliaFarm Research Campus:howard hughes medical institute
JaneliaResearch Campus:howard hughes medical institute
Janssen LLC:johnson & johnson (belgium)
Johann Wolfgang Goethe University:johann wolfgang goethe-universität frankfurt am main
Johannes Gutenberg University Mainz:johannes gutenberg university of mainz
KAIST:korea advanced institute of science and technology
KAUST:king abdullah university of science and technology
KTH:royal institute of technology
KTH Royal Institute of Technology:royal institute of technology
Katholieke Universiteit Leuven:university of leuven
Kavli Institute for Systems Neuroscience, NTN:norwegian university of science and technology
KavliInstitute for Brain Science:columbia university
King’s College London:king's college london
Kirchhoff-Institute for Physics:kirchhoff-institut für physik
LCN, EPF Lausanne:école polytechnique fédérale de lausanne
Laboratory of Sensorimotor Research, NEI, NIH:national institutes of health
Lausanne University Hospital:university hospital of lausanne
Leibniz-Institute for Neurobiology:leibniz institute for neurobiology
Lendulet Laboratory of Neuronal Signaling:mta institute of experimental medicine
Lewis Sigler Institute:princeton university
Ludwig-Maximilians-Universität München:ludwig maximilian university of munich
Ludwig-Maximilians-Universität, Munich:ludwig maximilian university of munich
MGH:harvard medical school
MPI for Dynamics & Self-organization:max planck institute for dynamics and self organization
MPI for Dynamics and Self-Organisation:max planck institute for dynamics and self organization
MPI for Dynamics and Self-Organization:max planck institute for dynamics and self organization
MPI-DS Goettingen, BCCN Goettingen:bernstein center for computational neuroscience göttingen
MTA Wigner RCP:mta wigner research centre for physics
MTA Wigner RCP & MTA TKI:mta wigner research centre for physics
Massachusetts Eye and Ear:massachusetts eye and ear infirmary
Max Planck Inst. Dynamics & Self-organization:max planck institute for dynamics and self organization
Max Planck Institut for Biol. Cybernetics:max planck institute for biological cybernetics
Max Planck Institute:max planck institute for dynamics and self organization
Max Planck Institute - Experimental Medicine:max planck institute for experimental medicine
Max Planck Institute Tübingen:max planck institute for biological cybernetics
Max Planck Institute for Dynamics:max planck institute for dynamics and self organization
Max Planck Institute for Dynamics and Self-Or:max planck institute for dynamics and self organization
Max Planck Institute for Dynamics and Self-Organization:max planck institute for dynamics and self organization
Max Planck Institute for Math in the Sciences:max planck institute for mathematics in the sciences
Max Planck Institute for Neurobiology:max planck institute of neurobiology
Max Planck Institute of Experimental Medicine:max planck institute for experimental medicine
Max Planck Institute, Frankfurt:max planck institute for brain research
Max-Planck Institute for Brain Research:max planck institute for brain research
Max-Planck-Institute for Medical Research:max planck institute for medical research
Max-PlanckInstitute for Mathematics in the Sciences:max planck institute for mathematics in the sciences
MaxPlanck Institute Mathematics in the Sciences:max planck institute for mathematics in the sciences
MaxPlanck Institute for Biological Cybernetics:max planck institute for biological cybernetics
Medical School Hannover:hannover medical school
NICHD/NIH:national institute of child health
NICT Cinet:osaka university
NIDA, NIH:national institute on drug abuse
NIDA/NIH:national institute on drug abuse
NIH:national institutes of health
NIH-NICHD:national institute of child health
NIH/NIDA:national institute on drug abuse
NIH/National Eye Institue:national eye institute
NIMH:national institute of mental health
NIMH/NIH:national institute of mental health
NINDS:national institute of neurological disorders and stroke
NINDS NIH:national institute of neurological disorders and stroke
NINDS/NIH:national institute of neurological disorders and stroke
National Centre for Biological Sciences:tata institute of fundamental research
National Centre for Biological Sciences, India:tata institute of fundamental research
National Eye Institute, NIH:national eye institute
National Institue on Aging:national institute on aging
National Institute of Mental Health/NIH:national institute of mental health
National Institute of Neurological Disorders:national institute of neurological disorders and stroke
National Institutes Health:national institutes of health
National Institutes of Health / NINDS:national institute of neurological disorders and stroke
National Institutes on Aging:national institute on aging
National Yang-Ming University:national yang ming university
NationalInstitutes of Health:national institutes of health
Neuroscience Center Zurich:eth zurich
New York State Psychiatric Institute:newyork–presbyterian hospital
New York University Center for Neural Science:new york university
New York University Medical Center:new york university
New York University, Shanghai:new york university shanghai
NewYork University:new york university
Northwestern:northwestern university
OIST Graduate University:okinawa institute of science and technology
Ohio State University:the ohio state university
Oregon Health and Science University:oregon health and science university hospital
PDBEB:university of coimbra
Palo Alto Medical Foudnation:palo alto medical foundation
PaloAlto Medical Foundation:palo alto medical foundation
Paris Descartes University and CNRS:paris descartes university
Pfizer Inc.:pfizer (united states)
Princeton:princeton university
PrincetonUniversity:princeton university
Qualcomm:qualcomm (united states)
Qualcomm Inc.:qualcomm (united states)
Qualcomm Research:qualcomm (united states)
Queensland Brain Institute:university of queensland
Queen’s University:queen's college at kingston
RIKEN BSI:riken brain science institute
Radboud University:radboud university nijmegen
Randolph-Macon College:randolph-macon college
Redwood Center:university of california, berkeley
Redwood Center For Theoretical Neuroscience:university of california, berkeley
Redwood Center for Theoretical Neuroscience:university of california, berkeley
Riken BSI:riken brain science institute
Robarts Research Institute:university of western ontario
RockefellerUniversity:rockefeller university
Ruprecht-Karls-Universität Heidelberg:heidelberg university
Rutgers University, Newark:rutgers university
SISSA:international school for advanced studies
SISSA (International School for Advanced Studies):international school for advanced studies
SUNY College of Optometry:state university of new york
SUNY at Stony Brook:suny stony brook
SUNY-Optometry:state university of new york
SV BMI LNMC:école polytechnique fédérale de lausanne
SalkInstitute for Biological Studies:salk institute for biological studies
Santa Cruz Institute for Particle Physics:institute of particle physics
School for Advanced Studies (SISSA):international school for advanced studies
School of Computer Science:university of oklahoma
School of Computer and Communication Sciences:école polytechnique fédérale de lausanne
School of Engineering and Applied Sciences:harvard university
School of Physics:university of sydney
Simons Center for Data Analysis:simons foundation
Sobell Department of Motor Neuroscience:university college london
Sor-Trondelag University College:norwegian university of science and technology
Stanford Universtiy:stanford university
StanfordUniversity:stanford university
State University of New York at Stony Brook:stony brook university
Stonybrook University:stony brook university
Strüngmann Institute:ernst strüngmann institute for neuroscience
Supelec:école supérieure d'électricité
T.J. Watson IBM Research Center.:ibm research – thomas j. watson research center
Tanner Research:tanner research (united states)
Technion:technion – israel institute of technology
Technion - Israel Institute of Technology:technion – israel institute of technology
Technion, Israel Institute of Technology:technion – israel institute of technology
Technische Universitaet Berlin:technical university of berlin
Technische Universität Berlin:technical university of berlin
TechnischeUniversitaet Berlin:technical university of berlin
Tel-Aviv University:tel aviv university
Texas A&M:texas a&m university
TexasA&M University:texas a&m university
The Allen Institute for Brain Science:allen institute for brain science
The City College of CUNY:city college of new york
The City College of the New York:city college of new york
The George Washington University:george washington university
The Hebrew University:hebrew university of jerusalem
The Hebrew University of Jerusalem:hebrew university of jerusalem
The Hospital for Sick Children:sickkids
The Institute of Statistical Mathematics:research organization of information and systems
The John B. Pierce Laboratory:yale university
The Johns Hopkins University:johns hopkins university
The MARCS Institute:western sydney university
The Netherlands Institute for Neuroscience:netherlands institute for neuroscience
The Neurosciences Institute:neurosciences institute
The Queensland Brain Institute:university of queensland
The Rockefeller University:rockefeller university
The Smith-Kettlewell Eye Research Institute:smith-kettlewell eye research institute
The University of Chicago:university of chicago
The University of Manchester:university of manchester
The University of Queensland:university of queensland
The University of Sheffield:university of sheffield
The University of Sydney:university of sydney
The University of Tokyo:university of tokyo
The University of Western Ontario:university of western ontario
TheHebrew University of Jerusaelm:hebrew university of jerusalem
TheHebrew University of Jerusalem:hebrew university of jerusalem
TheRockefeller University:rockefeller university
Tokyo University:university of tokyo
Toronto Western Research Institute:western research institute
UCB:uc berkeley
UCSF-UCB:uc berkeley
UFABC:universidade federal do abc
UMR 8118, CNRS & Universite Paris Descartes:paris descartes university
UMR7289 CNRS & Aix-Marseille Universite:aix-marseille university
UNC - Chapel Hill:university of north carolina at chapel hill
UNIC - CNRS:university of paris-saclay
UNIC, CNRS UPR 3293:university of paris-saclay
Univ Paris 06/UMR S 968/Institut de la Vision:institut de la vision
Universidad Autonoma de Madrid:autonomous university of madrid
Universidad Complutense de Madrid:complutense university of madrid
Universidad Nacional Autonoma de Mexico:national autonomous university of mexico
Universidad de Chile:university of chile
Universidad de Valparaiso:university of valparaíso
Universidade Federal do Rio Grande do Sul:federal university of rio grande do sul
Universitat de Valencia:university of valencia
UniversitatPompeu Fabra:pompeu fabra university
Universite Catholique de Louvain:université catholique de louvain
Universite Lyon 1, Inserm U846:claude bernard university lyon 1
Universite Paris Descartes:paris descartes university
Universite Paris Sud:university of paris-sud
Universite Paris-Descartes:paris descartes university
Universite de Bordeaux:university of bordeaux
Universite de Lyon:claude bernard university lyon 1
Universiteit van Amsterdam:university of amsterdam
Universitet Paris Descartes:paris descartes university
University Medical Center Goettingen:universitätsmedizin göttingen
University Medical Center Gottingen:universitätsmedizin göttingen
University Pierre and Marie Curie:pierre and marie curie university
University Pompeu Fabra:pompeu fabra university
University of California Berkeley:university of california, berkeley
University of California, Francisco:university of california, san francisco
University of California, Los Angeles:university of california los angeles
University of Colorado:university of colorado denver
University of Colorado at Boulder:university of colorado boulder
University of Colorado, Boulder:university of colorado boulder
University of Colorado, Denver:university of colorado denver
University of Goettingen:university of göttingen
University of Heidelberg:heidelberg university
University of Illinois, Chicago:university of illinois at chicago
University of Luebeck:university of lubeck
University of Maryland:university of maryland, baltimore
University of Massachusetts:university of massachusetts medical school
University of Massachusetts, Amherst:university of massachusetts amherst
University of Medicine and Dentistry of New Jersey:rutgers university
University of Michigan:university of michigan–ann arbor
University of Nebraska - Lincoln:university of nebraska–lincoln
University of Nebraska, Lincoln:university of nebraska–lincoln
University of Newcastle:newcastle university
University of North Carolina:university of north carolina at chapel hill
University of Osnabruck:university of osnabrück
University of Osnabrueck:university of osnabrück
University of Plymouth:plymouth university
University of Queensland, Australia:university of queensland
University of Texas:the university of texas health science center at houston
University of Texas Health Science Center:the university of texas health science center at houston
University of Texas Southwestern Medical Center:the university of texas southwestern medical center
University of Texas at Austin:the university of texas at austin
University of Texas at Houston:the university of texas health science center at houston
University of Texas, Austin:the university of texas at austin
University of Texas, Houston:the university of texas health science center at houston
University of Toronto Scarborough:university of toronto
University of Tuebingen:university of tübingen
University of Washington, Seattle:university of washington
University of Wisconsin:university of wisconsin–madison
University of Wisconsin, Madison:university of wisconsin–madison
University of Zürich:university of zurich
UniversityCollege London:university college london
UniversityCollege, London:university college london
UniversityHealth Network:university health network
UniversityLa sapienza:sapienza university of rome
Universityof Alabama Birmingham:university of alabama at birmingham
Universityof Birmingham:university of birmingham
Universityof California, Berkeley:university of california, berkeley
Universityof California, Davis:university of california, davis
Universityof California, Irvine:university of california, irvine
Universityof California, San Diego:university of california, san diego
Universityof California, San Francisco:university of california, san francisco
Universityof California, Santa Cruz:university of california, santa cruz
Universityof Cambridge:university of cambridge
Universityof Chicago:university of chicago
Universityof Iowa:university of iowa
Universityof Liege:university of liège
Universityof Ottawa:university of ottawa
Universityof Pennsylvania:university of pennsylvannia
Universityof Pittsburgh:university of pittsburgh
Universityof Rochester:university of rochester
Universityof Sheffield:university of sheffield
Universityof Texas at Austin:the university of texas at austin
Universityof Tuebingen:university of tübingen
Universityof Tübingen:university of tübingen
Universityof Washington:university of washington
Universityof Western Sydney:university of western sydney
Universitätsklinikum Hamburg-Eppendorf:university medical center hamburg-eppendorf
Université de Bordeaux:university of bordeaux
W.H.Coulter Dept. BME, GT:georgia institute of technology
Washington National Primate Research Center:university of wisconsin–madison
Washington State University Vancouver:washington state university
Washington State University, Vancouver:washington state university
Washington University:washington university in st. louis
Washington University in Saint Louis:washington university in st. louis
Washington University in St Louis:washington university in st. louis
Watson School of Biological Sciences:cold spring harbor laboratory
WatsonSchool of Biological Sciences:cold spring harbor laboratory
Weill Cornell Medical College:cornell university
WeillCornell Medical College:cornell university
Weizmann Institute:weizmann institute of science
Wellcome Trust Centre for Neuroimaging at UCL:university college london
Werner Reinhardt for Integrative Neuroscience:university of tübingen
Yale:yale university
YaleUniversity:yale university
YorkUniversity:york university
Zilkha Neurogenetic Institute, USC:university of southern california
research center caesar:center of advanced european studies and research
research center caesar, Bonn:center of advanced european studies and research
researchcenter caesar:center of advanced european studies and research
ÉcoleNormale Supérieure:école normale supérieure
flatiron institute:simons foundation
montreal institute for learning algorithms:university of montreal
icahn school of medicine at mount sinai:icahn school of medicine at mount sinai
polytechnique montreal:école polytechnique de montréal
university of montreal:university of montreal
technical university of munich:technische universität münchen
national institute of information and communications technology:national institute of information and communications technology
university of cape town:university of cape town
university of arkansas:university of arkansas for medical sciences
villanova university:villanova university
vienna biocenter:vienna biocenter
university of wisconsin-milwaukee:university of wisconsin–milwaukee
idibaps:university of barcelona
harvard-mit division of health sciences and technology:massachusetts institute of technology and harvard university
gnt - lnc - dec:école polytechnique fédérale de lausanne
cardiff university:cardiff university
donders institute for cognitive neuroimaging:radboud university nijmegen
max planck institute for ornithology:max planck institute for ornithology
university of konstanz:university of konstanz
university of fribourg:university of fribourg
hull york medical school:hull york medical school
nathan kline institute:nathan kline institute for psychiatric research
nimh:the national institute of mental health
universitat de les illes balears:university of the balearic islands
university of south carolina:university of south carolina
neurobiology and behavior:stony brook university
nih:national institute of health
university of delaware:university of delaware
microsoft research:microsoft (united states)
european neuroscience institute (goettingen):european neuroscience institute göttingen
mcdb:university of california, santa barbara
tel-aviv university:tel aviv university
tulane university:tulane university
university of oslo:university of oslo
spanish national research council:spanish national research council
national institute for basic biology:national institute for basic biology
max-delbruck-centrum:max delbrück center for molecular medicine
university of philadelphia:philadelphia university
albstadt-sigmaringen university:albstadt-sigmaringen university
new york stem cell foundation:new york stem cell foundation
commissariat a lenergie atomique et aux energies alternatives:atomic energy and alternative energies commission
mpi for brain research, frankfurt:max planck institute for brain research
institute of neuroinformatics:university of zurich
hec montreal:hec montréal
loughborough university:loughborough university
scuola internazionale superiore di studi avanzati:international school for advanced studies
shanghaitech university:shanghaitech university
nih nei:national eye institute
